{
  "version": 1,
  "author": "Mafe Camargo",
  "editor": "wokwi",
  "parts": [
    { "type": "wokwi-esp32-devkit-v1", "id": "esp", "top": 0, "left": 0, "attrs": {} },
    {
      "type": "wokwi-hc-sr04",
      "id": "ultrasonic1",
      "top": -84.9,
      "left": 91.9,
      "attrs": { "distance": "219" }
    },
    { "type": "wokwi-led", "id": "led1", "top": -3.6, "left": 234.2, "attrs": { "color": "red" } },
    { "type": "wokwi-led", "id": "led2", "top": 6, "left": 272.6, "attrs": { "color": "yellow" } },
    {
      "type": "wokwi-led",
      "id": "led3",
      "top": -3.6,
      "left": 311,
      "attrs": { "color": "limegreen" }
    },
    {
      "type": "wokwi-resistor",
      "id": "r1",
      "top": 91.2,
      "left": 229.85,
      "rotate": 90,
      "attrs": { "value": "220" }
    },
    {
      "type": "wokwi-resistor",
      "id": "r2",
      "top": 91.2,
      "left": 268.25,
      "rotate": 90,
      "attrs": { "value": "220" }
    },
    {
      "type": "wokwi-resistor",
      "id": "r3",
      "top": 91.2,
      "left": 306.65,
      "rotate": 90,
      "attrs": { "value": "220" }
    },
    {
      "type": "wokwi-dht22",
      "id": "dht1",
      "top": -47.7,
      "left": -82.2,
      "attrs": { "temperature": "33.3" }
    }
  ],
  "connections": [
    [ "esp:TX0", "$serialMonitor:RX", "", [] ],
    [ "esp:RX0", "$serialMonitor:TX", "", [] ],
    [ "ultrasonic1:GND", "esp:GND.1", "black", [ "v0" ] ],
    [ "ultrasonic1:TRIG", "esp:D19", "magenta", [ "v0" ] ],
    [ "ultrasonic1:ECHO", "esp:D21", "cyan", [ "v0" ] ],
    [ "esp:VIN", "ultrasonic1:VCC", "red", [ "h-14.6", "v62.3", "h163.2" ] ],
    [ "led1:C", "esp:GND.1", "black", [ "v0" ] ],
    [ "led2:C", "esp:GND.1", "black", [ "v0" ] ],
    [ "led3:C", "esp:GND.1", "black", [ "v0" ] ],
    [ "esp:D15", "r3:2", "green", [ "h0" ] ],
    [ "r2:2", "esp:D2", "orange", [ "h0" ] ],
    [ "r1:2", "esp:D4", "red", [ "h0" ] ],
    [ "dht1:VCC", "esp:VIN", "red", [ "v0" ] ],
    [ "esp:GND.2", "dht1:GND", "black", [ "h0" ] ],
    [ "dht1:SDA", "esp:D12", "green", [ "v0" ] ],
    [ "led1:A", "r1:1", "red", [ "v0" ] ],
    [ "r2:1", "led2:A", "yellow", [ "h0" ] ],
    [ "r3:1", "led3:A", "green", [ "h0" ] ]
  ],
  "dependencies": {}
}